{"cameraMode":{"drawMode":0,"name":"Shaded","section":"Shading Mode"},"sceneLighting":true,"audioPlay":false,"sceneViewState":{"m_AlwaysRefresh":false,"showFog":true,"showSkybox":true,"showFlares":true,"showImageEffects":true,"showParticleSystems":true,"showVisualEffectGraphs":true,"m_FxEnabled":true},"in2DMode":false,"pivot":{"x":-0.027008056640625,"y":-3.496180534362793,"z":0.20372676849365235},"rotation":{"x":0.3886168301105499,"y":-0.34182631969451907,"z":0.15799127519130708,"w":0.8409280180931091},"size":12.124356269836426,"orthographic":false}